,decision_tree,lgbm
meanCV AUC-ROC,0.6475060736030713,0.7080613564143404
