,decision_tree,lgbm
meanCV AUC-ROC,0.6475060736030713,0.7129986155815742
